{
  "products": [
    {
      "id": "1",
      "name": "Ring",
      "category": "trangsuc",
      "price": 300,
      "image": "p1.png",
      "new": 1,
      "sale": 280,
      "star": 3.5,
      "description": "Nhẫn"
    },
    {
      "id": "2",
      "name": "Watch",
      "category": "trangsuc",
      "price": 300,
      "image": "p2.png",
      "new": 1,
      "sale": 280,
      "star": 3.5,
      "description": "Đồng hồ"
    },
    {
      "id": "3",
      "name": "Teddy Bear",
      "category": "gaubong",
      "price": 110,
      "image": "p3.png",
      "new": 1,
      "sale": 90,
      "star": 3.5,
      "description": "Gấu bông"
    },
    {
      "id": "4",
      "name": "Flower Bouquet",
      "category": "hoa",
      "price": 45,
      "image": "p4.png",
      "new": 1,
      "sale": 30,
      "star": 3.5,
      "description": "Hoa hồng"
    },
    {
      "id": "5",
      "name": "Teddy Bear Big",
      "category": "gaubong",
      "price": 95,
      "image": "p5.png",
      "new": 0,
      "sale": 80,
      "star": 5,
      "description": "Gấu bông lớn"
    },
    {
      "id": "6",
      "name": "Flower Bouquet Purple",
      "category": "hoa",
      "price": 75,
      "image": "p6.png",
      "new": 1,
      "sale": 60,
      "star": 3.5,
      "description": "Hoa Violet"
    },
    {
      "id": "7",
      "name": "Watch",
      "category": "hoa",
      "price": 400,
      "image": "p7.png",
      "new": 1,
      "sale": 350,
      "star": 3.5,
      "description": "Hoa hồng"
    },
    {
      "id": "8",
      "name": "Golden Ring",
      "category": "trangsuc",
      "price": 45,
      "image": "p8.png",
      "new": 1,
      "sale": 30,
      "star": 3.5,
      "description": "Nhẫn vàng"
    }
  ],
  "categories": [
    {
      "id": "1",
      "name": "Trang Sức",
      "code": "trangsuc"
    },
    {
      "id": "2",
      "name": "Gấu Bông",
      "code": "gaubong"
    },
    {
      "id": "3",
      "name": "Hoa",
      "code": "hoa"
    }
  ],
  "orders": [
    {
      "id": "1",
      "user_id": "1",
      "product_ids": ["1", "3"],
      "total_price": 390,
      "status": "Pending"
    },
    {
      "id": "2",
      "user_id": "2",
      "product_ids": ["2", "4", "6"],
      "total_price": 615,
      "status": "Completed"
    }
  ],
  "users": [
    {
      "id": "1",
      "name": "Diep Phu Gia",
      "email": "sni640952@gmail.com",
      "password": "password123"
    },
    {
      "id": "2",
      "name": "N T M T",
      "email": "ntmeithy1812@gmail.com",
      "password": "password456"
    }
  ]
}

